confirmedCount,suspectedCount,curedCount,deadCount,updateTime
68592,8228,9671,1666,2020-02-16 18:16:10.394
68592,8228,9666,1666,2020-02-16 18:13:06.208
68592,8228,9665,1666,2020-02-16 18:09:00.651
68592,8228,9663,1666,2020-02-16 18:07:59.274
68592,8228,9663,1666,2020-02-16 17:56:43.411
68592,8228,9645,1666,2020-02-16 17:51:35.132
68592,8228,9629,1666,2020-02-16 17:49:32.178
68591,8228,9629,1666,2020-02-16 17:48:30.968
68589,8228,9629,1666,2020-02-16 17:33:12.799
68589,8228,9622,1666,2020-02-16 17:31:10.222
68589,8228,9586,1666,2020-02-16 17:07:16.682
68589,8228,9581,1666,2020-02-16 16:23:28.598
68589,8228,9553,1666,2020-02-16 16:08:46.757
68589,8228,9550,1666,2020-02-16 16:07:44.021
68586,8228,9550,1666,2020-02-16 15:32:12.684
68586,8228,9547,1666,2020-02-16 15:24:54.702
68584,8228,9547,1666,2020-02-16 14:36:20.580
68584,8228,9545,1666,2020-02-16 13:15:15.116
68584,8228,9526,1666,2020-02-16 11:57:02.138
68584,8228,9526,1666,2020-02-16 11:48:34.832
68584,8228,9502,1666,2020-02-16 11:43:33.955
68584,8228,9502,1666,2020-02-16 11:31:02.160
66581,8969,8494,1524,2020-02-15 22:51:06.784
66581,8969,8489,1524,2020-02-15 22:06:57.531
66581,8969,8487,1524,2020-02-15 21:47:57.103
66581,8969,8487,1524,2020-02-15 21:42:35.012
66580,8969,8483,1524,2020-02-15 20:57:14.151
66580,8969,8483,1524,2020-02-15 20:53:58.523
66580,8969,8472,1524,2020-02-15 20:02:41.323
66580,8969,8432,1524,2020-02-15 19:58:24.773
66580,8969,8414,1524,2020-02-15 19:40:07.231
66580,8969,8413,1524,2020-02-15 19:14:50.621
66580,8969,8362,1524,2020-02-15 17:45:14.421
66580,8969,8315,1524,2020-02-15 16:51:03.132
66579,8969,8315,1524,2020-02-15 16:32:52.911
66579,8969,8270,1524,2020-02-15 15:38:43.493
66577,8969,8270,1524,2020-02-15 15:00:22.882
66577,8969,8256,1524,2020-02-15 14:27:21.692
66577,8969,8208,1524,2020-02-15 14:02:52.055
66577,8969,8206,1524,2020-02-15 13:59:39.858
66577,8969,8204,1524,2020-02-15 13:28:52.355
66577,8969,8200,1524,2020-02-15 12:55:59.084
66576,8969,8185,1524,2020-02-15 12:48:30.902
66576,8969,8184,1524,2020-02-15 11:50:01.777
66576,8969,8163,1524,2020-02-15 11:42:37.187
66576,8969,8163,1524,2020-02-15 11:40:30.480
66576,8969,8163,1524,2020-02-15 11:38:23.199
66576,8969,8118,1524,2020-02-15 11:36:15.906
66576,8969,8118,1524,2020-02-15 11:35:12.862
66576,8969,8118,1524,2020-02-15 11:34:09.344
66576,8969,8118,1524,2020-02-15 11:32:02.470
66576,8969,8118,1524,2020-02-15 11:29:56.412
66576,8969,8118,1524,2020-02-15 11:23:34.298
66576,8969,8112,1524,2020-02-15 11:09:43.007
66576,8969,8101,1524,2020-02-15 10:10:13.367
66576,8969,8101,1524,2020-02-15 09:39:16.471
66576,8969,8101,1524,2020-02-15 08:36:40.994
66576,8969,8101,1524,2020-02-15 08:15:29.112
66390,10109,7980,1521,2020-02-15 08:13:23.059
66390,10109,7980,1521,2020-02-15 08:11:15.875
66384,10109,7979,1521,2020-02-15 08:04:55.658
66376,10109,7979,1521,2020-02-15 07:32:07.459
63956,10109,7105,1382,2020-02-15 07:27:52.045
63951,10109,7092,1382,2020-02-15 07:19:23.919
63950,10109,7092,1382,2020-02-14 23:18:15.495
63948,10109,7087,1382,2020-02-14 23:00:17.468
63947,10109,7087,1382,2020-02-14 22:15:55.786
63947,10109,7087,1382,2020-02-14 22:01:07.359
63947,10109,7076,1382,2020-02-14 21:20:51.303
63946,10109,7076,1382,2020-02-14 20:48:07.533
63946,10109,7042,1382,2020-02-14 20:06:46.275
63946,10109,7039,1382,2020-02-14 19:06:32.565
63946,10109,7003,1382,2020-02-14 17:54:29.323
63946,10109,7002,1382,2020-02-14 17:53:26.397
63946,10109,6973,1382,2020-02-14 17:21:38.616
63946,10109,6930,1382,2020-02-14 16:59:25.299
63943,10109,6930,1382,2020-02-14 16:41:22.075
63940,10109,6928,1381,2020-02-14 16:28:41.509
63940,10109,6906,1381,2020-02-14 15:37:56.257
63936,10109,6906,1381,2020-02-14 15:32:37.159
63936,10109,6884,1381,2020-02-14 15:24:09.235
63936,10109,6884,1381,2020-02-14 15:12:30.851
63936,10109,6884,1381,2020-02-14 15:01:56.474
63936,10109,6884,1381,2020-02-14 14:31:20.444
63936,10109,6842,1381,2020-02-14 13:33:08.509
63936,10109,6809,1381,2020-02-14 13:02:25.736
63935,10109,6809,1381,2020-02-14 12:24:15.967
63935,10109,6809,1381,2020-02-14 12:06:13.327
63932,10109,6734,1381,2020-02-14 12:04:04.627
63932,10109,6734,1381,2020-02-14 11:55:37.743
63932,10109,6734,1381,2020-02-14 11:52:28.177
63932,10109,6734,1381,2020-02-14 11:51:23.416
63932,10109,6734,1381,2020-02-14 11:49:15.737
63932,10109,6734,1381,2020-02-14 11:48:12.359
63932,10109,6734,1381,2020-02-14 11:37:39.017
63929,10109,6734,1381,2020-02-14 11:34:28.384
63929,10109,6734,1381,2020-02-14 11:32:20.270
63929,13435,6734,1381,2020-02-14 11:31:16.644
63929,13435,6734,1381,2020-02-14 11:28:05.626
63932,10109,7003,1381,2020-02-14 11:25:58.759
63932,10109,7003,1381,2020-02-14 11:21:43.802
63932,10109,7003,1381,2020-02-14 11:20:40.850
63929,13435,7003,1381,2020-02-14 11:19:37.544
63929,13435,7003,1381,2020-02-14 11:16:26.404
63929,13435,7003,1381,2020-02-14 11:14:19.635
63929,13435,7003,1381,2020-02-14 11:06:52.200
63929,13435,7003,1381,2020-02-14 11:01:31.020
63929,13435,7003,1381,2020-02-14 11:00:27.277
63929,13435,7003,1489,2020-02-14 10:59:24.777
63929,13435,7003,1489,2020-02-14 10:23:29.485
63923,13435,7003,1489,2020-02-14 10:14:56.517
63922,13435,7000,1489,2020-02-14 10:04:21.807
63922,13435,6987,1489,2020-02-14 09:59:03.947
63918,13435,6987,1489,2020-02-14 09:58:00.457
63918,13435,6987,1489,2020-02-14 09:44:16.431
63913,13435,6986,1489,2020-02-14 09:38:57.611
63910,13435,6986,1489,2020-02-14 09:37:54.451
63910,13435,6986,1489,2020-02-14 09:27:18.199
63886,13435,6977,1488,2020-02-14 09:20:58.889
63866,13435,6959,1488,2020-02-14 09:13:38.296
63846,13435,6946,1488,2020-02-14 09:12:34.260
63836,13435,6939,1488,2020-02-14 09:07:18.359
63806,13435,6922,1488,2020-02-14 09:04:07.997
63791,13435,6907,1487,2020-02-14 08:56:47.692
63768,13435,6907,1487,2020-02-14 08:46:17.118
63767,13435,6907,1487,2020-02-14 08:43:04.300
63755,13435,6906,1487,2020-02-14 08:38:51.619
63753,13435,6904,1487,2020-02-14 08:36:44.220
63741,13435,6897,1487,2020-02-14 08:22:00.338
63714,13435,6891,1485,2020-02-14 08:20:57.865
63714,13435,6891,1485,2020-02-14 08:19:54.264
63714,13435,6891,1485,2020-02-14 08:10:27.048
59934,13435,6219,1369,2020-02-14 08:00:57.137
59916,13435,6218,1369,2020-02-14 07:54:39.791
59913,13435,6218,1369,2020-02-14 07:37:53.495
59911,13435,6218,1369,2020-02-14 07:22:06.700
59907,13435,6218,1368,2020-02-14 07:20:00.737
59907,13435,6215,1368,2020-02-14 00:46:22.123
59907,13435,6215,1368,2020-02-14 00:44:15.339
59907,13435,6215,1368,2020-02-14 00:42:09.383
59907,13435,6215,1368,2020-02-13 23:51:34.768
59904,13435,6215,1368,2020-02-13 23:50:31.427
59904,13435,6215,1368,2020-02-13 23:47:21.134
59904,13435,6210,1368,2020-02-13 23:39:57.272
59904,13435,6210,1368,2020-02-13 23:17:50.427
59904,13435,6210,1368,2020-02-13 22:53:42.136
59904,13435,6210,1368,2020-02-13 22:51:36.018
59902,13435,6210,1368,2020-02-13 22:47:24.225
59902,13435,6208,1368,2020-02-13 22:46:21.449
59902,13435,6208,1368,2020-02-13 22:31:36.475
59901,13435,6208,1368,2020-02-13 22:30:33.275
59901,13435,6208,1368,2020-02-13 22:12:44.102
59901,13435,6192,1368,2020-02-13 22:09:35.626
59901,13435,6192,1368,2020-02-13 22:08:31.855
59901,13435,6192,1368,2020-02-13 21:29:32.534
59901,13435,6175,1368,2020-02-13 21:28:29.252
59901,13435,6175,1368,2020-02-13 21:09:37.106
59901,13435,6175,1368,2020-02-13 20:08:34.417
59901,13435,6165,1368,2020-02-13 20:06:28.564
59901,13435,6165,1368,2020-02-13 20:00:10.113
59901,13435,6165,1368,2020-02-13 19:45:25.367
59901,13435,6148,1368,2020-02-13 19:43:19.287
59901,13435,6148,1368,2020-02-13 19:42:16.580
59901,13435,6148,1368,2020-02-13 19:16:01.405
59901,13435,6144,1368,2020-02-13 19:13:54.521
59901,13435,6144,1368,2020-02-13 19:12:51.904
59901,13435,6144,1368,2020-02-13 19:10:46.503
59901,13435,6144,1368,2020-02-13 19:08:39.446
59901,13435,6144,1368,2020-02-13 19:07:36.438
59901,13435,6144,1368,2020-02-13 18:38:11.691
59901,13435,6148,1368,2020-02-13 18:37:09.013
59901,13435,6148,1368,2020-02-13 18:33:59.363
59901,13435,6157,1368,2020-02-13 18:24:32.136
59901,13435,6090,1368,2020-02-13 17:30:45.917
59901,13435,6054,1368,2020-02-13 17:20:17.183
59900,13435,6054,1368,2020-02-13 17:16:07.569
59900,13435,6054,1368,2020-02-13 16:43:24.850
59900,13435,6006,1368,2020-02-13 16:31:47.859
59896,13435,6006,1368,2020-02-13 16:28:38.165
59895,16067,6006,1368,2020-02-13 16:27:34.443
59895,16067,6006,1368,2020-02-13 16:23:21.435
59895,16067,6006,1368,2020-02-13 16:19:08.644
59895,16067,6006,1368,2020-02-13 16:18:05.702
59895,16067,6006,1368,2020-02-13 16:12:48.072
59895,16067,6006,1368,2020-02-13 16:05:24.455
59888,16067,6006,1368,2020-02-13 16:03:17.387
59888,16067,6006,1368,2020-02-13 15:42:10.252
59888,16067,5994,1368,2020-02-13 15:21:09.150
59885,16067,5994,1368,2020-02-13 15:20:05.079
59885,16067,5993,1368,2020-02-13 14:10:19.119
59885,16067,5988,1368,2020-02-13 13:47:18.220
59885,16067,5988,1368,2020-02-13 13:38:54.207
59883,16067,5988,1368,2020-02-13 13:31:31.412
59883,16067,5974,1368,2020-02-13 13:27:19.344
59883,16067,5950,1368,2020-02-13 12:20:57.772
59883,16067,5950,1368,2020-02-13 12:01:02.371
59883,16067,5950,1368,2020-02-13 11:57:52.011
59883,16067,5928,1368,2020-02-13 11:47:22.886
59883,16067,5928,1368,2020-02-13 11:22:06.328
59883,16067,5928,1368,2020-02-13 11:20:00.403
59883,16067,5928,1368,2020-02-13 11:14:44.859
59883,16067,5928,1367,2020-02-13 10:55:45.659
59883,16067,5922,1367,2020-02-13 10:51:31.205
59883,16067,5922,1367,2020-02-13 10:49:25.301
59882,16067,5922,1367,2020-02-13 10:35:45.344
59881,16067,5922,1367,2020-02-13 10:30:28.343
59867,16067,5910,1367,2020-02-13 10:17:37.959
59867,16067,5910,1367,2020-02-13 10:13:20.652
59863,16067,5910,1367,2020-02-13 10:09:04.084
59841,16067,5901,1366,2020-02-13 10:07:59.358
59841,16067,5901,1366,2020-02-13 10:04:46.596
59841,16067,5901,1366,2020-02-13 09:52:59.081
59841,16067,5901,1366,2020-02-13 09:49:46.932
59841,16067,5901,1366,2020-02-13 09:43:20.647
59841,16067,5900,1366,2020-02-13 09:25:09.055
59819,16067,5892,1366,2020-02-13 09:21:55.519
59813,16067,5892,1366,2020-02-13 09:18:43.736
59812,16067,5892,1366,2020-02-13 09:15:31.917
59794,16067,5886,1365,2020-02-13 09:10:10.275
59766,16067,5868,1365,2020-02-13 09:03:47.300
59755,16067,5858,1365,2020-02-13 08:57:24.547
59734,16067,5857,1364,2020-02-13 08:53:10.157
59707,16067,5853,1364,2020-02-13 08:47:50.243
59707,16067,5853,1364,2020-02-13 08:35:05.695
59700,16067,5852,1364,2020-02-13 08:32:57.932
59651,16067,5839,1362,2020-02-13 08:25:31.646
59651,16067,5839,1362,2020-02-13 08:20:12.445
59650,16067,5838,1361,2020-02-13 08:15:56.735
59636,16067,5838,1360,2020-02-13 08:10:39.290
59617,16067,5838,1359,2020-02-13 07:56:07.914
44777,16067,5083,1117,2020-02-13 07:20:39.642
44776,16067,5081,1117,2020-02-13 07:13:21.264
44767,16067,5066,1117,2020-02-13 06:55:35.291
44765,16067,5066,1117,2020-02-13 00:57:46.845
44765,16067,5066,1116,2020-02-13 00:26:31.639
44765,16067,5066,1116,2020-02-13 00:24:26.525
44765,16067,5066,1116,2020-02-13 00:19:12.057
44765,16067,5066,1116,2020-02-12 23:07:23.610
44765,16067,5066,1116,2020-02-12 22:58:02.696
44765,16067,5066,1116,2020-02-12 22:55:57.684
44763,16067,5064,1116,2020-02-12 22:54:55.456
44763,16067,5064,1116,2020-02-12 22:43:26.865
44763,16067,5064,1116,2020-02-12 22:07:03.407
44763,16067,5034,1116,2020-02-12 21:28:28.155
44763,16067,5034,1115,2020-02-12 21:26:21.435
44763,16067,5034,1115,2020-02-12 20:41:25.083
44763,16067,5015,1115,2020-02-12 20:15:15.388
44763,16067,5007,1115,2020-02-12 20:12:08.051
44763,16067,5007,1115,2020-02-12 19:49:08.550
44763,16067,5007,1115,2020-02-12 19:44:58.573
44763,16067,5005,1115,2020-02-12 19:43:55.280
44763,16067,5005,1115,2020-02-12 19:08:19.159
44763,16067,4979,1115,2020-02-12 18:57:52.227
44763,16067,4979,1115,2020-02-12 18:03:39.181
44763,16067,4934,1115,2020-02-12 17:53:13.260
44763,16067,4933,1115,2020-02-12 17:50:05.957
44762,16067,4932,1115,2020-02-12 17:40:44.358
44762,16067,4932,1115,2020-02-12 17:39:41.940
44762,16067,4932,1115,2020-02-12 17:37:37.210
44760,16067,4931,1115,2020-02-12 17:33:26.525
44760,16067,4924,1115,2020-02-12 17:10:30.700
44754,16067,4924,1115,2020-02-12 17:08:25.993
44754,16067,4924,1115,2020-02-12 16:47:34.183
44754,16067,4916,1115,2020-02-12 16:45:29.518
44750,16067,4916,1115,2020-02-12 16:25:42.751
44750,16067,4903,1115,2020-02-12 16:00:42.454
44750,16067,4807,1115,2020-02-12 15:56:30.408
44747,16067,4807,1115,2020-02-12 15:29:27.092
44747,16067,4807,1115,2020-02-12 15:11:43.527
44747,16067,4801,1114,2020-02-12 14:46:46.756
44747,16067,4801,1114,2020-02-12 14:43:39.495
44747,16067,4801,1114,2020-02-12 14:42:37.332
44747,16067,4800,1114,2020-02-12 14:14:30.590
44742,16067,4800,1114,2020-02-12 13:45:26.146
44742,16067,4800,1114,2020-02-12 13:40:13.726
44742,16067,4800,1114,2020-02-12 13:38:08.806
44742,16067,4800,1114,2020-02-12 13:20:24.634
44742,16067,4797,1114,2020-02-12 12:54:22.156
44742,16067,4784,1114,2020-02-12 12:40:48.142
44742,16067,4778,1114,2020-02-12 12:28:19.998
44742,16067,4775,1114,2020-02-12 12:16:54.768
44742,16067,4771,1114,2020-02-12 11:48:47.377
44742,16067,4762,1114,2020-02-12 11:30:01.581
44742,16067,4744,1114,2020-02-12 11:19:38.566
44742,16067,4744,1114,2020-02-12 11:08:12.631
44742,16067,4744,1114,2020-02-12 11:05:05.024
44742,16067,4744,1114,2020-02-12 10:53:35.876
44742,16067,4744,1114,2020-02-12 10:51:29.726
44742,16067,4744,1114,2020-02-12 10:38:58.675
44742,16067,4744,1114,2020-02-12 10:35:49.123
44732,16067,4742,1114,2020-02-12 10:33:43.437
44732,16067,4742,1114,2020-02-12 10:24:18.795
44732,16067,4742,1114,2020-02-12 10:21:11.691
44732,21675,4736,1114,2020-02-12 10:19:07.925
44732,21675,4736,1114,2020-02-12 10:14:55.977
44726,21675,4732,1114,2020-02-12 10:06:36.556
44720,21675,4732,1114,2020-02-12 10:03:28.396
44720,21675,4732,1114,2020-02-12 09:47:47.671
44718,21675,4732,1114,2020-02-12 09:43:36.455
44717,21675,4732,1114,2020-02-12 09:38:24.912
44714,21675,4732,1113,2020-02-12 09:27:59.807
44680,21675,4716,1113,2020-02-12 09:21:45.078
44638,21675,4687,1113,2020-02-12 09:19:39.512
44613,21675,4678,1113,2020-02-12 09:15:31.444
44545,21675,4653,1113,2020-02-12 09:05:09.045
44512,21675,4650,1113,2020-02-12 08:55:48.747
44491,21675,4650,1113,2020-02-12 08:43:20.891
44486,21675,4649,1113,2020-02-12 08:42:18.002
44456,21675,4638,1112,2020-02-12 08:40:13.518
44451,21675,4638,1112,2020-02-12 08:32:58.257
44451,21675,4638,1112,2020-02-12 08:24:41.944
44437,21675,4638,1112,2020-02-12 08:08:08.392
44419,21675,4638,1112,2020-02-12 08:04:00.296
44416,21675,4637,1112,2020-02-12 07:58:48.984
44404,21675,4637,1112,2020-02-12 07:45:24.819
44388,21675,4630,1111,2020-02-12 07:26:53.133
42748,21675,4301,1017,2020-02-12 07:11:27.000
42747,21675,4301,1017,2020-02-12 07:10:25.390
42747,21675,4301,1017,2020-02-11 23:28:23.675
42747,21675,4301,1017,2020-02-11 23:18:09.359
42747,21675,4299,1017,2020-02-11 22:36:14.639
42747,21675,4299,1017,2020-02-11 22:35:13.461
42747,21675,4299,1017,2020-02-11 22:26:00.611
42745,21675,4299,1017,2020-02-11 22:12:42.950
42744,21675,4299,1017,2020-02-11 22:09:39.184
42744,21675,4299,1017,2020-02-11 22:02:30.360
42744,21675,4299,1017,2020-02-11 21:55:20.587
42744,21675,4255,1017,2020-02-11 20:46:54.775
42744,21675,4245,1017,2020-02-11 20:23:25.846
42744,21675,4245,1017,2020-02-11 20:22:24.143
42744,21675,4245,1017,2020-02-11 19:21:09.840
42744,21675,4193,1017,2020-02-11 19:01:46.173
42744,21675,4193,1017,2020-02-11 18:50:33.333
42744,21675,4189,1017,2020-02-11 18:31:10.409
42735,21675,4189,1017,2020-02-11 18:29:08.025
42735,21675,4189,1017,2020-02-11 18:12:46.588
42735,21675,4189,1017,2020-02-11 18:11:45.482
42735,21675,4189,1017,2020-02-11 18:03:36.060
42735,21675,4181,1017,2020-02-11 17:47:16.507
42732,21675,4180,1017,2020-02-11 17:42:09.757
42732,21675,4179,1017,2020-02-11 17:39:05.602
42725,21675,4179,1017,2020-02-11 17:37:03.183
42725,21675,4152,1017,2020-02-11 17:14:34.812
42725,21675,4151,1017,2020-02-11 17:08:26.741
42721,21675,4148,1017,2020-02-11 16:50:04.975
42721,21675,4112,1017,2020-02-11 16:38:51.480
42718,21675,4112,1017,2020-02-11 16:34:46.143
42718,21675,4102,1017,2020-02-11 16:23:33.988
42718,21675,4096,1017,2020-02-11 16:15:25.455
42718,21675,4095,1017,2020-02-11 16:09:17.822
42718,21675,4088,1017,2020-02-11 16:03:08.800
42718,21675,4079,1017,2020-02-11 15:59:04.275
42718,21675,4067,1017,2020-02-11 15:54:59.000
42718,21675,4060,1017,2020-02-11 15:24:24.035
42717,21675,4060,1017,2020-02-11 15:19:18.404
42717,21675,4059,1017,2020-02-11 14:58:53.426
42717,21675,4056,1017,2020-02-11 14:54:49.274
42717,21675,4049,1017,2020-02-11 14:50:44.198
42717,21675,4037,1017,2020-02-11 14:45:37.796
42717,21675,4033,1017,2020-02-11 14:42:32.517
42717,21675,4026,1017,2020-02-11 14:40:30.366
42715,21675,4026,1017,2020-02-11 14:26:14.935
42715,21675,4026,1017,2020-02-11 14:21:08.984
42715,21675,4022,1017,2020-02-11 14:20:07.370
42714,21675,4022,1017,2020-02-11 13:37:17.760
42714,21675,4020,1017,2020-02-11 13:05:44.043
42714,21675,4017,1017,2020-02-11 12:53:31.731
42714,21675,4014,1017,2020-02-11 12:24:58.635
42714,21675,4013,1017,2020-02-11 11:53:25.595
42714,21675,4012,1017,2020-02-11 11:48:20.739
42714,21675,4009,1017,2020-02-11 11:34:06.277
42714,21675,4009,1017,2020-02-11 11:03:33.547
42712,21675,4009,1017,2020-02-11 10:58:27.811
42712,21675,4009,1017,2020-02-11 10:55:24.755
42708,21675,4005,1017,2020-02-11 10:29:56.578
42708,21675,4003,1017,2020-02-11 10:28:55.171
42708,21675,3998,1017,2020-02-11 09:42:07.368
42708,21675,3998,1017,2020-02-11 08:29:59.436
42708,21675,3998,1017,2020-02-11 08:22:52.624
42376,23589,3923,1012,2020-02-11 08:16:47.083
42375,23589,3923,1012,2020-02-11 08:12:43.927
42372,23589,3919,1012,2020-02-11 07:39:13.443
42359,23589,3919,1012,2020-02-11 07:28:03.079
40262,23589,3551,909,2020-02-10 22:16:43.858
40261,23589,3551,909,2020-02-10 22:08:37.339
40261,23589,3548,909,2020-02-10 22:02:32.419
40261,23589,3547,909,2020-02-10 22:00:30.000
40261,23589,3541,909,2020-02-10 21:58:28.499
40261,23589,3538,909,2020-02-10 21:55:25.201
40261,23589,3536,909,2020-02-10 21:51:21.591
40261,23589,3533,909,2020-02-10 21:47:17.543
40261,23589,3526,909,2020-02-10 21:44:15.259
40261,23589,3522,909,2020-02-10 21:36:08.643
40261,23589,3519,909,2020-02-10 21:30:02.904
40261,23589,3493,909,2020-02-10 21:20:54.575
40261,23589,3490,909,2020-02-10 20:41:18.277
40261,23589,3484,909,2020-02-10 20:28:04.912
40261,23589,3471,909,2020-02-10 19:59:36.999
40261,23589,3470,909,2020-02-10 18:07:52.100
40259,23589,3470,909,2020-02-10 17:55:40.712
40259,23589,3466,909,2020-02-10 17:44:28.898
40259,23589,3445,909,2020-02-10 17:42:26.483
40259,23589,3446,909,2020-02-10 17:37:20.635
40259,23589,3446,909,2020-02-10 17:35:18.614
40251,23589,3446,909,2020-02-10 17:26:09.508
40249,23589,3419,909,2020-02-10 17:09:53.732
40249,23589,3409,909,2020-02-10 16:45:25.360
40249,23589,3392,909,2020-02-10 16:31:08.574
40241,23589,3388,909,2020-02-10 16:11:52.331
40236,23589,3388,909,2020-02-10 16:00:41.799
40235,23589,3386,909,2020-02-10 15:27:06.531
40235,23589,3376,909,2020-02-10 15:19:58.859
40235,23589,3359,909,2020-02-10 13:44:34.992
40235,23589,3354,909,2020-02-10 13:28:19.306
40235,23589,3349,909,2020-02-10 13:21:12.403
40235,23589,3328,909,2020-02-10 12:55:48.304
40235,23589,3327,909,2020-02-10 12:52:45.188
40235,23589,3326,909,2020-02-10 12:41:34.935
40235,23589,3318,909,2020-02-10 12:39:33.720
40235,23589,3311,909,2020-02-10 12:37:32.081
40235,23589,3303,909,2020-02-10 12:35:30.047
40235,23589,3293,909,2020-02-10 12:28:23.713
40235,23589,3289,909,2020-02-10 12:27:22.869
40235,23589,3288,909,2020-02-10 11:58:56.527
40235,23589,3283,909,2020-02-10 08:20:40.072
40235,23589,3283,909,2020-02-10 08:09:31.246
40235,23589,3283,909,2020-02-10 07:57:21.188
39837,28942,3216,905,2020-02-10 07:43:09.021
29837,28942,3216,905,2020-02-10 07:35:02.051
29837,28942,3042,905,2020-02-10 07:30:57.309
37289,28942,2900,813,2020-02-09 23:00:53.855
37289,28942,2898,813,2020-02-09 22:56:50.644
37289,28942,2898,813,2020-02-09 21:33:40.614
37288,28942,2898,813,2020-02-09 20:41:53.318
37288,28942,2892,813,2020-02-09 20:31:44.663
37288,28942,2891,813,2020-02-09 20:28:42.084
37288,28942,2883,813,2020-02-09 20:17:32.235
37287,28942,2883,813,2020-02-09 20:08:23.920
37287,28942,2884,813,2020-02-09 19:54:11.434
37287,28942,2880,813,2020-02-09 19:18:41.472
37287,28942,2873,813,2020-02-09 19:10:34.996
37287,28942,2862,813,2020-02-09 18:30:58.650
37287,28942,2859,813,2020-02-09 18:25:53.828
37287,28942,2856,813,2020-02-09 18:21:50.075
37286,28942,2856,813,2020-02-09 18:19:48.390
37286,28942,2838,813,2020-02-09 18:13:42.010
37286,28942,2837,813,2020-02-09 17:44:16.922
37283,28942,2837,813,2020-02-09 17:43:16.115
37280,28942,2837,813,2020-02-09 17:30:04.143
37280,28942,2823,813,2020-02-09 17:09:46.506
37279,28942,2823,813,2020-02-09 17:05:43.028
37279,28942,2780,813,2020-02-09 16:51:31.295
37277,28942,2780,812,2020-02-09 16:18:02.740
37262,28942,2780,812,2020-02-09 16:04:50.097
37253,28942,2780,812,2020-02-09 15:53:40.463
37252,28942,2780,812,2020-02-09 15:33:24.504
37252,28942,2753,812,2020-02-09 15:04:59.385
37252,28942,2731,812,2020-02-09 14:23:25.231
37251,28942,2731,812,2020-02-09 13:59:03.210
37251,28942,2713,812,2020-02-09 13:33:40.433
37251,28942,2694,812,2020-02-09 13:14:23.637
37251,28942,2684,812,2020-02-09 12:34:51.235
37251,28942,2684,812,2020-02-09 12:27:45.467
37251,28942,2684,812,2020-02-09 12:24:42.775
37251,28942,2684,812,2020-02-09 11:38:05.815
37251,28942,2675,812,2020-02-09 11:26:56.295
37251,28942,2668,812,2020-02-09 11:01:33.705
37251,28942,2662,812,2020-02-09 10:57:30.180
37251,28942,2651,812,2020-02-09 10:17:56.295
37251,28942,2651,812,2020-02-09 08:59:48.268
37251,28942,2651,812,2020-02-09 08:40:32.664
37251,28942,2651,812,2020-02-09 08:38:30.920
33379,28942,2651,812,2020-02-09 08:34:27.166
36833,27657,2602,808,2020-02-09 08:15:10.585
36831,27657,2602,805,2020-02-09 07:47:48.477
36820,27657,2600,805,2020-02-09 07:31:34.939
36820,27657,2920,805,2020-02-09 07:30:34.148
34673,27657,2600,724,2020-02-09 07:14:21.255
34673,27657,2375,724,2020-02-08 23:16:54.752
34672,27657,2375,724,2020-02-08 23:11:49.903
34664,27657,2372,724,2020-02-08 22:05:52.238
34664,27657,2371,724,2020-02-08 22:02:50.042
34664,27657,2368,724,2020-02-08 21:35:25.918
34664,27657,2364,724,2020-02-08 20:58:53.025
34664,27657,2360,724,2020-02-08 20:53:48.360
34664,27657,2356,724,2020-02-08 20:44:39.842
34664,27657,2350,724,2020-02-08 20:34:30.841
34664,27657,2347,724,2020-02-08 20:27:24.360
34664,27657,2346,724,2020-02-08 20:16:15.315
34664,27657,2344,724,2020-02-08 19:47:50.438
34662,27657,2340,724,2020-02-08 19:24:31.093
34662,27657,2334,724,2020-02-08 19:18:25.563
34662,27657,2329,724,2020-02-08 18:57:07.448
34662,27657,2321,724,2020-02-08 18:54:05.407
34662,27657,2314,724,2020-02-08 18:42:56.565
34662,27657,2312,724,2020-02-08 18:36:52.199
34662,27657,2313,724,2020-02-08 18:18:36.711
34662,27657,2310,724,2020-02-08 18:14:34.167
34662,27657,2304,724,2020-02-08 17:55:18.900
34662,27657,2303,724,2020-02-08 17:43:09.008
34662,27657,2301,724,2020-02-08 17:30:58.634
34662,27657,2300,724,2020-02-08 17:21:50.789
34662,27657,2299,724,2020-02-08 17:20:49.703
34662,27657,2305,724,2020-02-08 17:10:41.955
34662,27657,2234,724,2020-02-08 17:05:37.903
34662,27657,2224,724,2020-02-08 16:57:31.364
34662,27657,2221,724,2020-02-08 16:52:25.843
34662,27657,2221,723,2020-02-08 16:46:20.532
34662,27657,2215,723,2020-02-08 16:43:18.131
34662,27657,2215,723,2020-02-08 16:34:10.184
34662,27657,2206,723,2020-02-08 16:23:00.072
34642,27657,2206,723,2020-02-08 16:18:56.976
34642,27657,2203,723,2020-02-08 16:13:52.298
34642,27657,2201,723,2020-02-08 16:07:47.128
34642,27657,2196,723,2020-02-08 16:02:42.669
34642,27657,2185,723,2020-02-08 15:57:38.249
34640,27657,2185,723,2020-02-08 15:52:33.854
34640,27657,2184,723,2020-02-08 15:48:30.747
34640,27657,2179,723,2020-02-08 15:42:26.840
34640,27657,2176,723,2020-02-08 15:38:24.027
34640,27657,2142,723,2020-02-08 15:36:22.375
34640,27657,2140,723,2020-02-08 15:29:16.605
34640,27657,2137,723,2020-02-08 15:22:10.481
34631,27657,2135,723,2020-02-08 15:06:58.245
34631,27657,2130,723,2020-02-08 15:01:55.119
34631,27657,2128,723,2020-02-08 14:57:51.439
34627,27657,2128,723,2020-02-08 14:41:39.845
34627,27657,2127,723,2020-02-08 14:32:33.025
34627,27657,2125,723,2020-02-08 14:23:25.359
34622,27657,2125,723,2020-02-08 14:12:16.936
34622,27657,2117,723,2020-02-08 14:06:11.916
34622,27657,2115,723,2020-02-08 13:52:01.536
34622,27657,2111,723,2020-02-08 13:49:59.465
34622,27657,2114,723,2020-02-08 13:43:54.698
34622,27657,2111,723,2020-02-08 13:30:45.076
34622,27657,2108,723,2020-02-08 13:23:39.280
34622,27657,2094,723,2020-02-08 13:21:37.700
34621,27657,2093,723,2020-02-08 13:10:28.525
34621,27657,2091,723,2020-02-08 13:06:25.314
34621,27657,2083,723,2020-02-08 13:01:21.677
34621,27657,2064,723,2020-02-08 12:14:44.599
34621,27657,2062,723,2020-02-08 12:00:32.912
34621,27657,2061,723,2020-02-08 11:59:32.002
34621,27657,2060,723,2020-02-08 11:52:27.139
34621,27657,2059,723,2020-02-08 11:50:25.479
34621,27657,2055,723,2020-02-08 11:27:07.440
34612,27657,2055,723,2020-02-08 11:13:56.062
34612,27657,2053,723,2020-02-08 11:11:54.855
34598,27657,2053,723,2020-02-08 11:03:47.919
34598,27657,2052,723,2020-02-08 10:35:26.151
34598,27657,2052,723,2020-02-08 09:33:34.004
34598,27657,2052,723,2020-02-08 09:16:19.112
34598,27657,2052,723,2020-02-08 09:05:09.192
34598,27657,2052,723,2020-02-08 08:58:03.580
34598,27657,2052,723,2020-02-08 08:40:50.360
34130,26359,2000,718,2020-02-08 08:01:17.878
31264,26359,1753,637,2020-02-07 23:23:55.991
31261,26359,1753,637,2020-02-07 22:00:49.568
31261,26359,1751,637,2020-02-07 21:54:44.628
31261,26359,1748,637,2020-02-07 21:36:30.199
31261,26359,1747,637,2020-02-07 21:25:22.083
31261,26359,1742,637,2020-02-07 21:16:16.468
31261,26359,1738,637,2020-02-07 21:04:07.814
31261,26359,1730,637,2020-02-07 20:41:48.204
31260,26359,1730,637,2020-02-07 20:33:41.682
31260,26359,1726,637,2020-02-07 20:32:40.930
31258,26359,1726,637,2020-02-07 20:25:34.233
31258,26359,1725,637,2020-02-07 20:22:31.442
31258,26359,1722,637,2020-02-07 20:07:19.381
31258,26359,1715,637,2020-02-07 19:50:03.764
31257,26359,1715,637,2020-02-07 19:33:52.303
31257,26359,1682,637,2020-02-07 19:10:33.938
31257,26359,1667,637,2020-02-07 19:03:28.920
31253,26359,1667,637,2020-02-07 18:43:13.736
31253,26359,1640,637,2020-02-07 18:01:39.273
31253,26359,1633,637,2020-02-07 17:56:35.728
31253,26359,1625,637,2020-02-07 17:15:02.409
31252,26359,1625,637,2020-02-07 17:12:00.499
31248,26359,1624,637,2020-02-07 16:38:33.496
31232,26359,1624,637,2020-02-07 16:26:23.902
31232,26359,1623,637,2020-02-07 16:22:20.810
31232,26359,1619,637,2020-02-07 16:16:15.611
31232,26359,1616,637,2020-02-07 16:14:14.334
31232,26359,1614,637,2020-02-07 16:13:13.608
31232,26359,1613,637,2020-02-07 16:03:06.788
31232,26359,1609,637,2020-02-07 15:57:01.275
31232,26359,1605,637,2020-02-07 15:54:59.595
31225,26359,1605,637,2020-02-07 15:52:57.920
31225,26359,1603,637,2020-02-07 15:46:53.050
31225,26359,1600,637,2020-02-07 15:41:49.197
31224,26359,1600,637,2020-02-07 15:38:46.248
31224,26359,1596,637,2020-02-07 15:27:38.565
31223,26359,1596,637,2020-02-07 15:24:36.244
31223,26359,1593,637,2020-02-07 15:16:29.917
31223,26359,1595,637,2020-02-07 15:08:22.932
31223,26359,1595,637,2020-02-07 14:55:12.533
31223,26359,1595,637,2020-02-07 14:53:11.025
31223,26359,1594,637,2020-02-07 14:34:56.430
31223,26359,1592,637,2020-02-07 14:29:52.948
31223,26359,1578,637,2020-02-07 14:09:37.074
31215,26359,1578,637,2020-02-07 13:41:15.423
31214,26359,1578,637,2020-02-07 13:36:11.549
31212,26359,1578,637,2020-02-07 13:31:07.951
31212,26359,1565,637,2020-02-07 13:30:07.386
31212,26359,1564,637,2020-02-07 13:24:02.807
31212,26359,1551,637,2020-02-07 12:57:43.247
31212,26359,1550,637,2020-02-07 12:56:42.519
31212,26359,1549,637,2020-02-07 12:45:34.322
31212,26359,1544,637,2020-02-07 12:42:31.919
31212,26359,1543,637,2020-02-07 12:08:05.151
31212,26359,1542,637,2020-02-07 11:42:45.779
31212,26359,1542,637,2020-02-07 11:23:30.847
31211,26359,1542,637,2020-02-07 11:03:14.859
31211,26359,1542,637,2020-02-07 08:52:35.708
31211,26359,1542,637,2020-02-07 08:12:07.128
31211,26359,1542,637,2020-02-07 08:11:06.273
31211,26359,1542,634,2020-02-07 08:10:05.355
31211,26359,1542,634,2020-02-07 08:05:01.407
30615,24702,1478,634,2020-02-07 08:02:59.963
30615,24702,1478,633,2020-02-07 08:00:58.406
30605,24702,1473,633,2020-02-07 07:41:45.413
30604,24702,1557,633,2020-02-07 07:32:39.985
30591,24702,1557,633,2020-02-07 07:15:28.505
28138,24702,1373,564,2020-02-06 23:02:30.670
28135,24702,1373,564,2020-02-06 22:41:13.786
28132,24702,1373,564,2020-02-06 22:32:06.491
28129,24702,1373,564,2020-02-06 22:19:57.608
28129,24702,1372,564,2020-02-06 22:18:56.981
28129,24702,1371,564,2020-02-06 22:03:45.260
28129,24702,1367,564,2020-02-06 21:47:33.513
28129,24702,1366,564,2020-02-06 21:43:29.796
28129,24702,1365,564,2020-02-06 21:35:23.995
28129,24702,1356,564,2020-02-06 21:32:21.659
28129,24702,1354,564,2020-02-06 21:11:05.941
28129,24702,1352,564,2020-02-06 20:40:40.766
28129,24702,1348,564,2020-02-06 20:28:31.381
28129,24702,1335,564,2020-02-06 20:04:13.265
28129,24702,1330,564,2020-02-06 19:08:31.967
28129,24702,1290,564,2020-02-06 18:06:41.713
28129,24702,1285,564,2020-02-06 17:56:33.704
28129,24702,1277,564,2020-02-06 17:51:29.735
28127,24702,1277,564,2020-02-06 17:50:28.975
28127,24702,1266,564,2020-02-06 17:48:27.147
28127,24702,1254,564,2020-02-06 17:45:24.974
28125,24702,1254,564,2020-02-06 17:40:20.759
28120,24702,1253,564,2020-02-06 16:53:46.535
28118,24702,1252,564,2020-02-06 16:36:33.159
28107,24702,1252,564,2020-02-06 16:28:27.383
28081,24702,1250,564,2020-02-06 16:17:19.981
28081,24702,1246,564,2020-02-06 16:09:14.631
28081,24702,1245,564,2020-02-06 16:02:09.772
28081,24702,1241,564,2020-02-06 15:57:06.376
28081,24702,1236,564,2020-02-06 15:51:02.155
28081,24702,1227,564,2020-02-06 15:45:57.477
28077,24702,1221,564,2020-02-06 15:25:41.754
28077,24702,1210,564,2020-02-06 14:46:13.501
28074,24702,1210,564,2020-02-06 14:27:59.710
28074,24702,1189,564,2020-02-06 14:14:50.389
28065,24702,1189,564,2020-02-06 13:30:16.761
28065,24702,1188,564,2020-02-06 13:24:12.785
28060,24702,1188,564,2020-02-06 11:57:07.302
28060,24702,1153,564,2020-02-06 09:03:57.377
28060,24702,1153,564,2020-02-06 08:39:40.004
28060,24702,1153,564,2020-02-06 08:21:25.461
28060,24702,1153,564,2020-02-06 08:16:21.763
28060,24702,1153,563,2020-02-06 08:05:13.359
28060,24702,1153,563,2020-02-06 07:46:59.378
27451,23260,1115,563,2020-02-06 07:31:48.789
27434,23260,1133,563,2020-02-06 07:05:31.800
24447,23260,1020,493,2020-02-06 00:42:03.155
24439,23260,1019,493,2020-02-06 00:22:48.583
24434,23260,1018,493,2020-02-05 23:52:29.021
24434,23260,1019,493,2020-02-05 23:16:05.281
24433,23260,1015,493,2020-02-05 23:05:58.079
24433,23260,1007,493,2020-02-05 22:59:54.567
24433,23260,1010,493,2020-02-05 22:52:50.343
24433,23260,1006,493,2020-02-05 22:38:41.324
24433,23260,1001,493,2020-02-05 22:28:34.584
24433,23260,987,493,2020-02-05 22:12:23.502
24433,23260,983,493,2020-02-05 22:01:14.867
24433,23260,981,493,2020-02-05 21:51:08.928
24433,23260,981,493,2020-02-05 21:35:59.121
24433,23260,979,493,2020-02-05 21:17:46.824
24433,23260,972,493,2020-02-05 21:08:40.287
24430,23260,972,493,2020-02-05 20:58:33.710
24430,23260,971,493,2020-02-05 20:39:20.503
24430,23260,961,493,2020-02-05 20:26:11.262
24430,23260,957,493,2020-02-05 19:54:50.858
24430,23260,956,493,2020-02-05 19:48:46.455
24423,23260,956,493,2020-02-05 19:45:44.487
24423,23260,954,493,2020-02-05 19:38:40.511
24423,23260,950,493,2020-02-05 19:20:28.015
24423,23260,948,493,2020-02-05 19:11:21.350
24423,23260,947,493,2020-02-05 19:01:14.712
24423,23260,946,493,2020-02-05 18:18:13.765
24423,23260,946,492,2020-02-05 18:15:11.615
24423,23260,941,492,2020-02-05 18:04:02.663
24423,23260,933,492,2020-02-05 17:36:15.032
24423,23260,930,492,2020-02-05 17:33:12.825
24423,23260,929,492,2020-02-05 17:31:11.310
24423,23260,926,492,2020-02-05 17:26:07.787
24423,23260,918,492,2020-02-05 17:11:57.480
24413,23260,917,492,2020-02-05 16:58:33.513
24388,23260,912,492,2020-02-05 16:41:47.876
24388,23260,908,492,2020-02-05 16:35:11.955
24388,23260,906,492,2020-02-05 16:31:53.465
24388,23260,901,492,2020-02-05 15:37:05.070
24386,23260,901,492,2020-02-05 15:22:35.197
24377,23260,901,492,2020-02-05 15:09:08.587
24377,23260,901,492,2020-02-05 14:12:42.698
24367,23260,898,492,2020-02-05 13:40:15.806
24363,23260,897,492,2020-02-05 11:41:54.554
24363,23260,897,491,2020-02-05 10:34:14.902
24363,23260,892,491,2020-02-05 08:54:07.014
24363,23260,893,491,2020-02-05 08:24:42.159
24324,23260,892,491,2020-02-05 08:20:21.014
24363,23260,892,491,2020-02-05 08:08:22.412
24363,23260,892,491,2020-02-05 08:05:05.972
23718,23214,843,491,2020-02-05 07:55:19.362
23696,23214,843,491,2020-02-05 07:36:51.761
23623,23214,718,426,2020-02-05 07:29:16.975
20540,23214,718,426,2020-02-05 07:22:47.370
20537,23214,718,426,2020-02-05 07:18:27.700
20530,23214,718,426,2020-02-04 23:38:26.203
20528,23214,717,426,2020-02-04 22:49:35.406
20527,23214,717,426,2020-02-04 22:37:22.773
20527,23214,716,426,2020-02-04 22:07:14.326
20523,23214,716,426,2020-02-04 21:56:10.613
20523,23214,715,426,2020-02-04 21:27:16.919
20523,23214,714,426,2020-02-04 20:55:16.467
20523,23214,711,426,2020-02-04 20:48:39.679
20523,23214,709,426,2020-02-04 20:45:19.714
20522,23214,709,426,2020-02-04 20:33:19.603
20522,23214,706,426,2020-02-04 20:12:25.653
20522,23214,704,426,2020-02-04 19:57:55.716
20522,23214,702,426,2020-02-04 19:50:01.042
20522,23214,693,426,2020-02-04 19:36:46.176
20522,23214,692,426,2020-02-04 19:26:47.312
20522,23214,691,426,2020-02-04 19:24:35.881
20522,23214,688,426,2020-02-04 18:42:35.252
20520,23214,688,426,2020-02-04 17:34:45.960
20520,23214,686,426,2020-02-04 17:29:03.067
20520,23214,683,426,2020-02-04 17:24:37.480
20504,23214,683,426,2020-02-04 17:20:02.902
20504,23214,680,426,2020-02-04 17:08:52.757
20504,23214,669,426,2020-02-04 17:03:22.057
20502,23214,669,426,2020-02-04 16:49:57.642
20502,23214,660,426,2020-02-04 16:21:36.241
20486,23214,660,426,2020-02-04 16:17:03.943
20479,23214,660,426,2020-02-04 15:55:46.078
20479,23214,660,426,2020-02-04 15:37:37.598
20479,23214,658,426,2020-02-04 15:20:58.146
20476,23214,658,426,2020-02-04 15:15:29.381
20471,23214,658,426,2020-02-04 14:32:15.544
20471,23214,657,426,2020-02-04 13:45:43.357
20471,23214,654,426,2020-02-04 13:28:05.653
20471,23214,648,426,2020-02-04 12:28:43.735
20471,23214,644,426,2020-02-04 12:25:20.349
20471,23214,642,426,2020-02-04 12:16:33.515
20471,23214,637,426,2020-02-04 11:53:23.411
20471,23214,637,426,2020-02-04 11:29:16.000
20471,23214,637,425,2020-02-04 11:24:52.036
20471,23214,637,425,2020-02-04 11:14:57.997
20471,23214,635,425,2020-02-04 09:39:12.889
20471,23214,632,425,2020-02-04 08:38:57.829
20471,23214,632,425,2020-02-04 08:08:35.466
20471,23214,632,425,2020-02-04 07:57:45.316
19726,21558,624,425,2020-02-04 07:38:14.462
19701,21558,623,425,2020-02-04 07:21:59.217
19698,21558,623,425,2020-02-04 07:11:09.821
19690,21558,623,425,2020-02-04 07:03:35.134
17341,21558,527,361,2020-02-03 22:56:58.514
17341,21558,527,361,2020-02-03 22:44:54.109
17341,21558,524,361,2020-02-03 22:33:28.253
17341,21558,523,361,2020-02-03 22:30:09.404
17341,21558,521,361,2020-02-03 22:24:31.506
17341,21558,521,361,2020-02-03 22:16:51.550
17341,21558,521,361,2020-02-03 22:13:31.840
17340,21558,521,361,2020-02-03 22:12:26.177
17340,21558,521,361,2020-02-03 22:11:12.557
17339,21558,521,361,2020-02-03 21:51:27.429
17335,21558,521,361,2020-02-03 21:32:30.697
17335,21558,520,361,2020-02-03 21:29:03.512
17335,21558,517,361,2020-02-03 21:21:02.103
17335,21558,513,361,2020-02-03 20:59:53.124
17335,21558,502,361,2020-02-03 20:26:33.607
17335,21558,497,361,2020-02-03 19:29:47.052
17335,21558,496,361,2020-02-03 19:20:02.713
17335,21558,494,361,2020-02-03 19:00:04.913
17335,21558,493,361,2020-02-03 18:54:35.950
17335,21558,487,361,2020-02-03 18:34:50.360
17335,21558,484,361,2020-02-03 17:36:07.519
17335,21558,483,361,2020-02-03 17:33:56.154
17330,21558,483,361,2020-02-03 17:20:48.585
17330,21558,480,361,2020-02-03 17:14:12.410
17309,21558,480,361,2020-02-03 16:47:18.000
17309,21558,480,361,2020-02-03 16:41:52.479
17267,21558,480,361,2020-02-03 16:31:48.098
17267,21558,479,361,2020-02-03 16:30:40.037
17267,21558,479,361,2020-02-03 16:26:14.278
17255,21558,479,361,2020-02-03 15:28:21.338
17242,21558,479,361,2020-02-03 15:08:29.896
17239,21558,479,361,2020-02-03 14:30:01.619
17238,21558,479,361,2020-02-03 14:06:31.921
17238,21558,479,361,2020-02-03 14:04:12.961
17238,21558,479,361,2020-02-03 13:19:00.429
17240,21558,479,361,2020-02-03 13:15:42.459
17240,21558,479,361,2020-02-03 13:14:37.391
17240,21558,479,361,2020-02-03 13:13:29.915
17240,21558,479,361,2020-02-03 13:11:18.272
17238,21558,479,361,2020-02-03 12:22:36.311
17238,21558,478,361,2020-02-03 11:57:12.574
17238,21558,477,361,2020-02-03 11:20:00.588
17238,21558,475,361,2020-02-03 09:28:34.053
14490,19544,434,304,2020-02-03 00:01:02.067
14490,19544,434,304,2020-02-02 23:47:32.964
14490,19544,433,304,2020-02-02 23:38:21.397
14490,19544,432,304,2020-02-02 23:07:15.550
14490,19544,430,304,2020-02-02 23:02:47.012
14489,19544,430,304,2020-02-02 22:53:58.118
14489,19544,420,304,2020-02-02 21:04:21.465
14489,19544,419,304,2020-02-02 21:01:04.237
14489,19544,418,304,2020-02-02 20:51:10.510
14489,19544,412,304,2020-02-02 20:35:33.034
14489,19544,406,304,2020-02-02 20:28:58.123
14489,19544,397,304,2020-02-02 19:55:12.822
14489,19544,389,304,2020-02-02 19:41:58.021
14489,19544,388,304,2020-02-02 19:27:29.461
14489,19544,385,304,2020-02-02 19:20:51.771
14489,19544,384,304,2020-02-02 18:55:27.855
14489,19544,383,304,2020-02-02 18:52:10.245
14483,19544,381,304,2020-02-02 18:49:58.162
14483,19544,381,304,2020-02-02 18:34:25.642
14483,19544,381,304,2020-02-02 18:32:12.770
14483,19544,380,304,2020-02-02 18:30:02.601
14483,19544,379,304,2020-02-02 18:23:15.451
14483,19544,342,304,2020-02-02 18:04:24.574
14483,19544,339,304,2020-02-02 17:47:18.345
14482,19544,339,304,2020-02-02 17:34:03.757
14482,19544,337,304,2020-02-02 17:19:45.997
14481,19544,337,304,2020-02-02 17:03:13.538
14481,19544,336,304,2020-02-02 16:46:34.526
14453,19544,336,304,2020-02-02 16:32:05.841
14445,19544,336,304,2020-02-02 16:23:09.066
14446,19544,332,304,2020-02-02 16:18:43.725
14433,19544,332,304,2020-02-02 16:02:04.327
14433,19544,331,304,2020-02-02 15:55:22.598
14428,19544,331,304,2020-02-02 15:41:47.754
14423,19544,331,304,2020-02-02 13:49:22.040
14418,19544,331,304,2020-02-02 13:29:45.903
14416,19544,331,304,2020-02-02 13:18:15.151
14413,19544,334,304,2020-02-02 12:39:33.973
14413,19544,331,304,2020-02-02 12:19:38.923
14411,19544,331,304,2020-02-02 11:17:04.782
14411,19544,333,304,2020-02-02 10:48:30.554
14411,19544,328,304,2020-02-02 09:28:13.948
14411,19544,328,304,2020-02-02 08:46:39.048
14411,19544,328,304,2020-02-02 08:08:30.625
13858,17988,322,304,2020-02-02 08:01:17.263
13858,17988,322,304,2020-02-02 07:53:03.657
13858,17988,322,304,2020-02-02 07:46:52.517
13858,17988,322,304,2020-02-02 07:38:37.344
11901,17988,275,259,2020-02-01 23:46:53.406
11899,17988,275,259,2020-02-01 23:40:32.252
11896,17988,275,259,2020-02-01 23:37:11.371
11891,17988,275,259,2020-02-01 23:14:33.780
11890,17988,275,259,2020-02-01 22:21:15.769
11890,17988,274,259,2020-02-01 21:55:31.274
11890,17988,273,259,2020-02-01 21:30:09.626
11890,17988,272,259,2020-02-01 20:52:59.854
11890,17988,270,259,2020-02-01 20:00:16.261
11889,17988,270,259,2020-02-01 19:48:53.444
11889,17988,269,259,2020-02-01 19:45:44.584
11889,17988,268,259,2020-02-01 19:25:27.786
11889,17988,267,259,2020-02-01 19:09:46.584
11889,17988,266,259,2020-02-01 19:02:33.484
11889,17988,263,259,2020-02-01 18:52:17.971
11889,17988,257,259,2020-02-01 18:27:06.336
11889,17988,255,259,2020-02-01 17:11:39.283
11877,17988,251,259,2020-02-01 16:45:59.676
11862,17988,250,259,2020-02-01 16:32:04.573
11860,17988,250,259,2020-02-01 16:12:10.896
11851,17988,248,259,2020-02-01 15:49:04.976
11851,17988,247,259,2020-02-01 15:41:43.878
11847,17988,247,259,2020-02-01 15:28:14.997
11844,17988,247,259,2020-02-01 14:54:19.383
11844,17988,246,259,2020-02-01 14:00:11.052
11828,17988,245,259,2020-02-01 13:39:01.725
11825,17988,246,259,2020-02-01 13:20:01.101
11822,17988,245,259,2020-02-01 13:04:48.967
11821,17988,245,259,2020-02-01 11:17:07.024
11821,17988,243,259,2020-02-01 09:59:04.494
11821,17988,243,259,2020-02-01 09:50:45.872
11821,17988,243,259,2020-02-01 08:02:16.139
11227,15238,214,214,2020-02-01 07:56:04.993
11209,15238,214,214,2020-02-01 07:33:24.484
9862,15238,214,214,2020-02-01 07:30:19.262
9854,15238,214,214,2020-02-01 07:26:11.785
9821,15238,214,213,2020-02-01 07:06:37.739
9811,15238,214,213,2020-01-31 22:43:05.199
9811,15238,211,213,2020-01-31 21:26:14.123
9811,15238,210,213,2020-01-31 21:15:34.664
9811,15238,205,213,2020-01-31 21:02:30.777
9811,15238,185,213,2020-01-31 21:01:22.102
9811,15238,186,213,2020-01-31 21:00:11.737
9810,15238,185,213,2020-01-31 20:33:59.008
9810,15238,182,213,2020-01-31 20:18:04.512
9810,15238,181,213,2020-01-31 18:58:59.474
9810,15238,181,213,2020-01-31 17:32:02.175
9810,15238,180,213,2020-01-31 17:02:31.443
9809,15238,180,213,2020-01-31 16:56:41.086
9795,15238,180,213,2020-01-31 16:52:01.521
9745,15238,178,213,2020-01-31 16:19:55.096
9745,15238,177,213,2020-01-31 15:59:21.022
9742,15238,176,213,2020-01-31 15:50:14.907
9737,15238,176,213,2020-01-31 15:22:45.533
9731,15238,176,213,2020-01-31 13:37:47.208
9724,15238,176,213,2020-01-31 13:03:21.743
9720,15238,176,213,2020-01-31 12:21:10.110
9704,15238,176,213,2020-01-31 12:20:03.528
9685,15238,176,213,2020-01-31 11:17:59.764
9720,15238,171,213,2020-01-31 09:50:58.926
9720,15238,171,213,2020-01-31 08:10:50.652
9066,12167,162,213,2020-01-31 07:27:34.948
8163,12167,136,171,2020-01-31 00:54:20.975
8156,12167,135,171,2020-01-31 00:21:21.496
8150,12167,135,171,2020-01-31 00:05:14.266
8149,12167,135,171,2020-01-30 23:08:59.195
8148,12167,135,171,2020-01-30 23:04:57.194
8147,12167,135,170,2020-01-30 22:24:37.371
7830,12167,135,170,2020-01-30 21:03:53.738
7830,12139,135,170,2020-01-30 20:07:26.695
7830,12139,133,170,2020-01-30 19:25:06.136
7828,12139,133,170,2020-01-30 18:22:37.775
7827,12139,133,170,2020-01-30 18:00:28.363
7826,12139,133,170,2020-01-30 16:35:45.552
7826,12139,132,170,2020-01-30 16:32:44.082
7783,12139,132,170,2020-01-30 16:21:38.200
7766,12139,132,170,2020-01-30 15:35:16.841
7753,12139,132,170,2020-01-30 14:29:46.582
7753,12139,131,170,2020-01-30 14:18:40.955
7742,12167,131,170,2020-01-30 13:09:07.604
7742,12167,130,170,2020-01-30 12:50:59.565
7737,12167,128,170,2020-01-30 12:01:38.625
7736,12167,126,170,2020-01-30 10:08:42.480
7736,12167,124,170,2020-01-30 10:03:39.950
7736,12167,124,170,2020-01-30 09:17:16.578
7736,12167,124,170,2020-01-30 07:48:37.135
7736,9239,124,170,2020-01-30 07:46:36.093
7206,9239,122,170,2020-01-30 07:14:23.341
6772,9239,120,133,2020-01-30 07:08:20.707
6095,9239,120,133,2020-01-30 00:28:30.914
6095,9239,119,133,2020-01-29 23:31:04.208
6086,9239,119,133,2020-01-29 23:01:50.824
6086,9239,119,132,2020-01-29 22:02:24.203
6086,9239,118,132,2020-01-29 21:10:00.491
6086,9239,118,132,2020-01-29 20:32:43.300
6086,9239,115,132,2020-01-29 19:17:08.545
6085,9239,115,132,2020-01-29 19:12:06.231
6083,9239,115,132,2020-01-29 18:44:54.302
6078,9239,115,132,2020-01-29 17:46:23.684
6078,9239,114,132,2020-01-29 17:11:02.144
6074,9239,114,132,2020-01-29 16:24:38.965
6043,9239,114,132,2020-01-29 15:56:25.659
6043,9239,110,132,2020-01-29 15:51:23.302
6041,9239,110,132,2020-01-29 15:18:07.928
6016,9239,110,132,2020-01-29 14:55:57.943
6015,9239,110,132,2020-01-29 14:29:45.669
6014,9239,110,132,2020-01-29 14:20:42.236
6014,9239,109,132,2020-01-29 13:52:30.189
6013,9239,109,132,2020-01-29 13:50:29.362
6013,9239,108,132,2020-01-29 13:42:25.933
6016,9239,108,132,2020-01-29 13:19:15.211
6005,9239,108,132,2020-01-29 13:14:13.084
6003,9239,108,132,2020-01-29 13:09:10.779
6002,9239,108,132,2020-01-29 12:55:05.360
6002,9239,107,132,2020-01-29 12:47:02.222
6002,9239,105,132,2020-01-29 12:39:59.492
5999,9239,105,132,2020-01-29 12:36:58.447
5999,9239,105,132,2020-01-29 12:06:46.916
5999,9239,104,132,2020-01-29 10:48:13.815
5998,9239,104,132,2020-01-29 10:34:07.049
5997,9239,104,132,2020-01-29 10:26:03.916
5997,9239,103,132,2020-01-29 08:27:09.591
5997,9239,103,132,2020-01-29 08:22:07.188
5974,9239,103,132,2020-01-29 08:12:03.332
5531,6972,101,131,2020-01-29 08:09:02.036
5517,6972,101,131,2020-01-29 06:39:24.574
4677,6972,73,106,2020-01-29 06:25:18.534
4633,6972,73,106,2020-01-29 00:56:03.203
4633,6972,73,106,2020-01-29 00:36:09.464
4633,6972,73,106,2020-01-29 00:24:07.856
4633,6972,73,106,2020-01-29 00:12:18.520
4631,6973,73,106,2020-01-29 00:02:12.987
4630,6973,73,106,2020-01-28 21:02:03.262
4630,6973,71,106,2020-01-28 21:00:01.916
4629,6973,71,106,2020-01-28 20:07:29.160
4622,6973,71,106,2020-01-28 19:51:18.503
4618,6973,69,106,2020-01-28 18:37:32.419
4599,6973,68,106,2020-01-28 17:00:32.520
4597,6973,68,106,2020-01-28 16:51:26.948
4597,6973,67,106,2020-01-28 16:37:18.128
4597,6973,65,106,2020-01-28 15:56:39.053
4586,6973,65,106,2020-01-28 15:48:33.531
4578,6973,65,106,2020-01-28 15:43:29.923
4474,5794,60,106,2020-01-28 09:31:15.161
4428,5794,60,106,2020-01-28 09:18:05.599
2902,5794,58,82,2020-01-28 08:41:41.922
2902,5794,58,82,2020-01-28 08:20:29.011
2889,5794,58,82,2020-01-28 07:47:07.822
2889,5794,58,82,2020-01-28 07:25:55.955
2889,5794,59,82,2020-01-28 07:18:51.559
2889,5794,57,82,2020-01-28 07:06:44.663
2889,5794,56,82,2020-01-28 06:44:31.577
2882,5794,56,82,2020-01-28 06:28:21.939
2858,5794,56,82,2020-01-28 00:18:40.382
2857,5794,56,82,2020-01-27 23:55:25.804
2846,5794,56,81,2020-01-27 23:34:12.839
2846,5794,56,81,2020-01-27 22:40:54.568
2844,5794,56,81,2020-01-27 21:01:37.693
2844,5794,55,81,2020-01-27 20:39:29.529
2840,5794,55,81,2020-01-27 19:14:16.351
2835,5794,55,81,2020-01-27 19:02:07.932
2835,5794,56,81,2020-01-27 18:49:59.758
2835,5794,58,81,2020-01-27 18:31:47.832
2828,5794,58,81,2020-01-27 18:25:44.242
2826,5794,58,81,2020-01-27 18:23:43.019
2823,5794,58,81,2020-01-27 16:51:01.899
2823,5794,57,81,2020-01-27 16:42:57.343
2823,5794,55,81,2020-01-27 15:29:26.373
2823,5794,53,81,2020-01-27 15:19:21.199
2819,5794,53,81,2020-01-27 15:15:19.342
2819,5794,52,81,2020-01-27 15:07:15.356
2818,5794,52,81,2020-01-27 14:44:04.213
2817,5794,52,81,2020-01-27 13:59:40.435
2784,5794,52,81,2020-01-27 13:14:16.763
2783,5794,52,81,2020-01-27 12:48:03.044
2780,5794,52,81,2020-01-27 12:44:00.699
2768,5794,52,80,2020-01-27 12:22:49.281
2762,5794,51,80,2020-01-27 10:05:33.268
2762,5794,51,80,2020-01-27 08:00:26.220
2744,5794,51,80,2020-01-27 07:58:25.318
2463,2692,51,80,2020-01-27 07:26:09.118
2463,2692,49,56,2020-01-27 07:23:07.751
2098,2692,49,56,2020-01-27 06:51:52.463
2093,2692,49,56,2020-01-27 06:32:42.217
2081,2692,49,56,2020-01-27 06:17:35.391
2081,2692,49,56,2020-01-27 05:44:18.268
2081,2692,49,56,2020-01-27 01:02:46.319
2080,2692,49,56,2020-01-27 00:44:36.276
2079,2692,49,56,2020-01-27 00:10:16.249
2076,2692,49,56,2020-01-26 23:03:31.661
2071,2692,49,56,2020-01-26 21:23:40.048
2066,2692,49,56,2020-01-26 20:49:14.249
2065,2692,49,56,2020-01-26 19:57:38.451
2064,2692,49,56,2020-01-26 19:55:36.932
2055,2692,49,56,2020-01-26 19:34:22.249
2049,2684,49,56,2020-01-26 18:27:36.027
2036,2684,49,56,2020-01-26 17:59:15.220
2033,2684,49,56,2020-01-26 17:06:41.252
2033,2684,49,56,2020-01-26 17:03:39.292
2033,2684,49,56,2020-01-26 16:49:29.687
2031,2684,49,56,2020-01-26 16:45:26.835
2029,2684,49,56,2020-01-26 16:23:11.468
2029,2684,49,56,2020-01-26 14:37:06.102
2018,2684,49,56,2020-01-26 13:50:35.848
2005,2684,49,56,2020-01-26 12:55:00.097
2002,2684,49,56,2020-01-26 12:49:57.080
1999,2684,49,56,2020-01-26 12:28:44.325
1992,2684,49,56,2020-01-26 12:21:40.449
1992,2684,49,56,2020-01-26 11:22:01.594
1992,2684,49,55,2020-01-26 11:08:27.960
1975,2684,49,56,2020-01-26 09:35:35.381
1975,2684,49,56,2020-01-26 09:03:19.841
1742,2032,49,54,2020-01-26 08:18:56.733
1409,2032,39,42,2020-01-26 00:33:55.963
1408,2032,39,42,2020-01-25 23:54:35.140
1377,1983,39,41,2020-01-25 22:54:25.563
1377,1983,39,41,2020-01-25 22:14:57.487
1372,1983,39,41,2020-01-25 21:02:06.080
1372,1983,39,41,2020-01-25 20:16:16.954
1372,1983,40,41,2020-01-25 20:05:09.918
1369,1983,40,41,2020-01-25 19:31:49.637
1369,1983,40,41,2020-01-25 19:23:44.683
1369,1983,40,41,2020-01-25 19:05:32.870
1356,1983,40,41,2020-01-25 18:57:27.411
1356,1983,40,41,2020-01-25 18:13:59.067
1356,1983,38,41,2020-01-25 17:48:41.638
1355,1983,38,41,2020-01-25 17:33:31.991
1355,1983,38,41,2020-01-25 16:54:07.712
1355,1983,38,41,2020-01-25 16:14:41.100
1337,1965,38,41,2020-01-25 15:23:06.049
1336,1965,38,41,2020-01-25 15:09:57.919
1330,1965,38,41,2020-01-25 12:29:19.221
1303,1965,38,41,2020-01-25 10:29:06.950
1303,1965,38,0,2020-01-25 10:19:01.729
1303,1965,38,41,2020-01-25 09:55:48.599
1287,1965,38,41,2020-01-25 08:22:08.357
1287,1965,38,41,2020-01-25 08:20:07.431
1118,1076,37,41,2020-01-25 07:51:41.959
923,1076,36,26,2020-01-25 01:41:12.983
912,1076,36,26,2020-01-25 01:33:08.457
902,1076,36,26,2020-01-25 00:04:20.183
897,1076,36,26,2020-01-24 23:54:14.308
897,1076,36,26,2020-01-24 21:59:07.508
896,1076,36,26,2020-01-24 21:38:54.152
894,1076,36,26,2020-01-24 20:45:17.874
894,1076,35,26,2020-01-24 19:50:40.114
887,1076,35,26,2020-01-24 19:13:14.844
887,1076,35,26,2020-01-24 18:09:33.823
887,1075,35,26,2020-01-24 17:26:07.369
887,1075,35,26,2020-01-24 16:29:41.322
